title,body,tags
labore,amet et et labore sit do labore magna lorem tempor ut lorem eiusmod sit consectetur sit consectetur,tag8 tag9 tag6 tag10
sed adipiscing ut,dolor ut ut ipsum labore adipiscing labore sit labore ut amet elit labore aliqua tempor labore dolore dolor elit sit dolor tempor elit eiusmod sed elit,tag4 tag14 tag18 tag5 tag16
et labore,sit sit tempor lorem consectetur elit ipsum et ipsum tempor tempor tempor magna incididunt aliqua amet dolore do lorem adipiscing,tag5 tag9 tag4 tag6
incididunt et,elit elit dolore labore ipsum ut dolor dolore eiusmod aliqua sit elit sed dolore consectetur amet et dolore tempor consectetur lorem sed labore amet amet eiusmod labore,tag20 tag2 tag19
adipiscing,do elit adipiscing dolor sed amet ut consectetur sed dolore dolore dolor ut incididunt incididunt dolore lorem tempor consectetur aliqua ipsum tempor consectetur sit adipiscing,tag9 tag7 tag15
incididunt sed,dolor dolor et ut eiusmod et elit ut adipiscing dolor et amet elit amet ut do ipsum dolore tempor magna ut,tag5 tag9
tempor labore,aliqua aliqua sed ut consectetur consectetur do sit dolor et,tag9 tag19
dolor et,eiusmod dolore incididunt consectetur sit sed tempor eiusmod ipsum et dolor ut,tag5 tag17 tag8 tag2 tag3
ut,aliqua sit dolor adipiscing tempor tempor labore aliqua incididunt labore sit incididunt adipiscing adipiscing elit do elit sit consectetur consectetur ut ipsum sit adipiscing ipsum elit aliqua amet tempor,tag15 tag7 tag17 tag11
et ipsum labore,tempor et dolore sed dolor do amet magna sit sit consectetur dolore adipiscing sit amet incididunt lorem tempor eiusmod tempor consectetur magna dolor eiusmod aliqua incididunt et,tag18 tag12
labore dolore sed,ut aliqua et do do labore magna incididunt amet adipiscing dolor ipsum tempor consectetur dolore eiusmod ut dolor do do,tag16 tag10 tag1 tag2
ut dolore aliqua,labore et adipiscing magna magna et eiusmod sit magna ut eiusmod et sit,tag10 tag12 tag20
dolor,magna ipsum lorem elit sed magna lorem et do sit sed sit consectetur amet aliqua elit lorem magna,tag14 tag16 tag13 tag15
sed,dolor ut aliqua elit elit consectetur dolor adipiscing dolore magna tempor do,tag16 tag17 tag18
lorem ipsum,amet magna sit ut eiusmod do tempor tempor ut tempor et elit eiusmod adipiscing incididunt,tag17
magna dolore,magna adipiscing tempor do lorem incididunt do dolor sed elit ut eiusmod magna amet consectetur,tag13
lorem adipiscing dolor,elit incididunt dolor lorem aliqua sit lorem sit ipsum elit consectetur ut dolore sed ut elit labore incididunt et tempor incididunt dolor incididunt dolor dolor,tag9 tag5 tag6
dolor,amet consectetur ipsum amet magna lorem magna incididunt labore dolore elit ut lorem dolor,tag10 tag19
elit magna,dolore elit elit consectetur consectetur do sed adipiscing adipiscing labore sed adipiscing,tag4 tag1 tag10 tag13 tag20
do elit,consectetur do incididunt sit amet aliqua dolor labore ut eiusmod sed do do dolor labore dolor do eiusmod ipsum do dolore lorem amet adipiscing adipiscing sed eiusmod eiusmod dolor incididunt,tag4 tag12 tag17
dolore,labore sit do do magna tempor magna ipsum elit do adipiscing elit tempor,tag17
do tempor eiusmod,eiusmod adipiscing et tempor dolore dolor dolor amet labore labore magna adipiscing consectetur adipiscing ut adipiscing do sed do ut do aliqua do dolore sit sed eiusmod,tag12 tag7
dolor,sit dolor ipsum elit dolore eiusmod sit do eiusmod sit do adipiscing labore eiusmod magna incididunt aliqua eiusmod dolore dolor dolor eiusmod sit adipiscing dolore,tag9
dolor consectetur sed,dolor labore dolore adipiscing lorem sed ipsum dolore ipsum labore tempor elit amet aliqua,tag6 tag10 tag4
dolore,incididunt aliqua consectetur elit adipiscing eiusmod dolor dolore tempor consectetur et amet et ut incididunt magna et aliqua ut do,tag14 tag10 tag20 tag7 tag6
magna dolore,incididunt dolore lorem sit sit do labore dolor ut adipiscing incididunt amet eiusmod et amet,tag11 tag15 tag14 tag9 tag18
do labore sed,eiusmod ipsum tempor dolor magna dolore eiusmod magna do consectetur ut elit sed tempor sed amet sit incididunt do sit incididunt lorem sed dolor lorem consectetur dolor elit consectetur,tag15 tag10 tag12 tag9
aliqua aliqua,eiusmod aliqua dolor ipsum adipiscing magna incididunt do et aliqua magna ipsum lorem dolore sit incididunt aliqua labore sed consectetur elit,tag18 tag4 tag14 tag5 tag7
incididunt magna,adipiscing et amet ipsum tempor aliqua amet magna sit incididunt amet et lorem do consectetur ut do,tag13 tag20
sed,adipiscing ipsum ipsum lorem aliqua incididunt do amet sit aliqua aliqua aliqua eiusmod sed labore do adipiscing labore amet eiusmod sit incididunt lorem ut incididunt dolore magna,tag3 tag20 tag16
amet dolor ipsum,eiusmod sit aliqua amet elit magna aliqua et dolor consectetur ipsum labore magna sit sed lorem tempor dolore eiusmod consectetur amet amet consectetur do adipiscing labore labore labore labore sit,tag8 tag19 tag9
consectetur amet,amet consectetur magna aliqua sit aliqua elit sed amet magna lorem do dolore consectetur dolore dolore ut,tag15 tag3
do sit amet,magna sit dolore aliqua incididunt labore amet amet amet ipsum dolor amet ipsum sed tempor do tempor ipsum adipiscing dolore do magna do dolore aliqua labore sit,tag2 tag17 tag18 tag5
eiusmod consectetur elit,magna elit sed dolor ipsum tempor et et eiusmod magna elit lorem consectetur ut et aliqua labore ipsum consectetur adipiscing ut magna amet incididunt et dolore et,tag7 tag13 tag18 tag20 tag15
sit labore ut,eiusmod incididunt incididunt ipsum tempor sed sit do eiusmod labore ipsum aliqua elit eiusmod consectetur consectetur tempor ipsum ipsum eiusmod lorem sit adipiscing elit tempor sit et,tag2 tag4 tag9 tag18
elit,sed amet amet incididunt sed lorem tempor aliqua amet sed ut sed aliqua consectetur magna dolor aliqua amet adipiscing lorem sed dolor,tag6 tag2
elit amet consectetur,consectetur incididunt ipsum magna sed dolore lorem sit labore et,tag5 tag19
ipsum amet,magna consectetur amet ipsum sed elit eiusmod ipsum ipsum labore do dolor aliqua lorem magna et sed elit ut sed consectetur sit eiusmod ut ut incididunt sed sed sed eiusmod,tag15 tag17 tag10 tag20
elit dolor eiusmod,elit tempor lorem amet lorem consectetur sit labore adipiscing ipsum dolore magna tempor do sed eiusmod incididunt et,tag18 tag11 tag10 tag13
amet magna labore,eiusmod ipsum consectetur ut eiusmod adipiscing dolore amet sit magna dolor adipiscing eiusmod magna et,tag1 tag7 tag12
